-- phpMyAdmin SQL Dump
-- version 4.5.1
-- http://www.phpmyadmin.net
--
-- Host: 127.0.0.1
-- Generation Time: Oct 24, 2016 at 09:50 AM
-- Server version: 10.1.16-MariaDB
-- PHP Version: 5.5.38

SET SQL_MODE = "NO_AUTO_VALUE_ON_ZERO";
SET time_zone = "+00:00";


/*!40101 SET @OLD_CHARACTER_SET_CLIENT=@@CHARACTER_SET_CLIENT */;
/*!40101 SET @OLD_CHARACTER_SET_RESULTS=@@CHARACTER_SET_RESULTS */;
/*!40101 SET @OLD_COLLATION_CONNECTION=@@COLLATION_CONNECTION */;
/*!40101 SET NAMES utf8mb4 */;

--
-- Database: `bilal`
--

-- --------------------------------------------------------

--
-- Table structure for table `activity_log`
--

CREATE TABLE `activity_log` (
  `activity_log_id` int(11) NOT NULL,
  `username` varchar(50) NOT NULL,
  `date` varchar(25) NOT NULL,
  `action` varchar(50) NOT NULL
) ENGINE=InnoDB DEFAULT CHARSET=latin1;

--
-- Dumping data for table `activity_log`
--

INSERT INTO `activity_log` (`activity_log_id`, `username`, `date`, `action`) VALUES
(1, 'noel.titus', '2016-10-24 09:12:05', 'Add Class Form 6'),
(2, 'noel.titus', '2016-10-24 09:12:58', 'Edit Class Form 6'),
(3, 'noel.titus', '2016-10-24 09:15:07', 'Add Student aaa bbb'),
(4, 'noel.titus', '2016-10-24 09:15:36', 'Updated Student aaa bbb'),
(5, 'noel.titus', '2016-10-24 09:17:50', 'Add Student buel bol'),
(6, 'noel.titus', '2016-10-24 09:23:17', 'Add User abdul.hemedy');

-- --------------------------------------------------------

--
-- Table structure for table `aprjun`
--

CREATE TABLE `aprjun` (
  `aprjun_id` int(11) NOT NULL,
  `student_id` int(11) NOT NULL,
  `class` varchar(25) NOT NULL,
  `class_fee` int(11) NOT NULL,
  `status` varchar(25) NOT NULL,
  `status_fee` int(11) NOT NULL,
  `fee` int(11) NOT NULL
) ENGINE=InnoDB DEFAULT CHARSET=latin1;

--
-- Dumping data for table `aprjun`
--

INSERT INTO `aprjun` (`aprjun_id`, `student_id`, `class`, `class_fee`, `status`, `status_fee`, `fee`) VALUES
(1, 1, 'Form 6', 250000, 'half', 125000, 0),
(2, 2, 'Form 6', 250000, 'paying', 250000, 250000);

-- --------------------------------------------------------

--
-- Table structure for table `class`
--

CREATE TABLE `class` (
  `class_id` int(11) NOT NULL,
  `class_name` varchar(30) NOT NULL,
  `category` varchar(30) NOT NULL,
  `fee` int(20) NOT NULL
) ENGINE=InnoDB DEFAULT CHARSET=latin1;

--
-- Dumping data for table `class`
--

INSERT INTO `class` (`class_id`, `class_name`, `category`, `fee`) VALUES
(1, 'Form 6', 'Secondary', 250000);

-- --------------------------------------------------------

--
-- Table structure for table `janmar`
--

CREATE TABLE `janmar` (
  `janmar_id` int(11) NOT NULL,
  `student_id` int(11) NOT NULL,
  `class` varchar(25) NOT NULL,
  `class_fee` int(11) NOT NULL,
  `status` varchar(25) NOT NULL,
  `status_fee` int(11) NOT NULL,
  `fee` int(11) NOT NULL
) ENGINE=InnoDB DEFAULT CHARSET=latin1;

--
-- Dumping data for table `janmar`
--

INSERT INTO `janmar` (`janmar_id`, `student_id`, `class`, `class_fee`, `status`, `status_fee`, `fee`) VALUES
(1, 1, 'Form 6', 250000, 'half', 125000, 0),
(2, 2, 'Form 6', 250000, 'paying', 250000, 250000);

-- --------------------------------------------------------

--
-- Table structure for table `julsep`
--

CREATE TABLE `julsep` (
  `julsep_id` int(11) NOT NULL,
  `student_id` int(11) NOT NULL,
  `class` varchar(25) NOT NULL,
  `class_fee` int(11) NOT NULL,
  `status` varchar(25) NOT NULL,
  `status_fee` int(11) NOT NULL,
  `fee` int(11) NOT NULL
) ENGINE=InnoDB DEFAULT CHARSET=latin1;

--
-- Dumping data for table `julsep`
--

INSERT INTO `julsep` (`julsep_id`, `student_id`, `class`, `class_fee`, `status`, `status_fee`, `fee`) VALUES
(1, 1, 'Form 6', 250000, 'half', 125000, 0),
(2, 2, 'Form 6', 250000, 'paying', 250000, 0);

-- --------------------------------------------------------

--
-- Table structure for table `octdec`
--

CREATE TABLE `octdec` (
  `octdec_id` int(11) NOT NULL,
  `student_id` int(11) NOT NULL,
  `class` varchar(25) NOT NULL,
  `class_fee` int(11) NOT NULL,
  `status` varchar(25) NOT NULL,
  `status_fee` int(11) NOT NULL,
  `fee` int(11) NOT NULL
) ENGINE=InnoDB DEFAULT CHARSET=latin1;

--
-- Dumping data for table `octdec`
--

INSERT INTO `octdec` (`octdec_id`, `student_id`, `class`, `class_fee`, `status`, `status_fee`, `fee`) VALUES
(1, 1, 'Form 6', 250000, 'half', 125000, 0),
(2, 2, 'Form 6', 250000, 'paying', 250000, 0);

-- --------------------------------------------------------

--
-- Table structure for table `payment_made`
--

CREATE TABLE `payment_made` (
  `pay_id` int(11) NOT NULL,
  `student_id` int(11) NOT NULL,
  `period` varchar(30) NOT NULL,
  `amount` int(11) NOT NULL,
  `date_of_payment` date NOT NULL,
  `receipt` int(11) NOT NULL
) ENGINE=InnoDB DEFAULT CHARSET=latin1;

--
-- Dumping data for table `payment_made`
--

INSERT INTO `payment_made` (`pay_id`, `student_id`, `period`, `amount`, `date_of_payment`, `receipt`) VALUES
(1, 2, 'janmar', 250000, '2016-10-24', 23444),
(2, 2, 'aprjun', 250000, '2016-10-24', 90909887);

-- --------------------------------------------------------

--
-- Table structure for table `students`
--

CREATE TABLE `students` (
  `student_id` int(11) NOT NULL,
  `firstname` varchar(30) NOT NULL,
  `middlename` varchar(30) NOT NULL,
  `lastname` varchar(30) NOT NULL,
  `gender` varchar(15) NOT NULL,
  `dob` varchar(30) NOT NULL,
  `address` varchar(30) NOT NULL,
  `class` varchar(30) NOT NULL,
  `gfirstname` varchar(25) NOT NULL,
  `gmiddlename` varchar(25) NOT NULL,
  `glastname` varchar(25) NOT NULL,
  `rship` varchar(30) NOT NULL,
  `tel` varchar(30) NOT NULL,
  `status` varchar(50) NOT NULL,
  `transport` varchar(60) NOT NULL,
  `route` varchar(50) NOT NULL
) ENGINE=InnoDB DEFAULT CHARSET=latin1;

--
-- Dumping data for table `students`
--

INSERT INTO `students` (`student_id`, `firstname`, `middlename`, `lastname`, `gender`, `dob`, `address`, `class`, `gfirstname`, `gmiddlename`, `glastname`, `rship`, `tel`, `status`, `transport`, `route`) VALUES
(1, 'aaa', 'bbb', 'cvvv', 'Male', '2016-10-25', 'bububu', 'Form 6', 'oplkk', 'jjj', 'rfrf', 'father', '0789554433', 'half', 'yes', 'kijichi'),
(2, 'buel', 'bol', 'buel', 'Female', '2016-10-26', 'stonetown', 'Form 6', 'bun', 'bol', 'buel', 'mother', '0717884452', 'paying', 'no', '');

-- --------------------------------------------------------

--
-- Table structure for table `users`
--

CREATE TABLE `users` (
  `user_id` int(11) NOT NULL,
  `username` varchar(50) NOT NULL,
  `password` varchar(50) NOT NULL,
  `firstname` varchar(50) NOT NULL,
  `lastname` varchar(50) NOT NULL,
  `status` varchar(50) NOT NULL
) ENGINE=InnoDB DEFAULT CHARSET=latin1;

--
-- Dumping data for table `users`
--

INSERT INTO `users` (`user_id`, `username`, `password`, `firstname`, `lastname`, `status`) VALUES
(3, 'noel.titus', '54321', 'noel', 'titus', 'administrator'),
(4, 'abdul.hemedy', '12345', 'abdul', 'hemedy', 'normal');

-- --------------------------------------------------------

--
-- Table structure for table `user_log`
--

CREATE TABLE `user_log` (
  `user_log_id` int(11) NOT NULL,
  `username` varchar(50) NOT NULL,
  `login_date` varchar(50) NOT NULL,
  `logout_date` varchar(50) NOT NULL,
  `user_id` int(11) NOT NULL
) ENGINE=InnoDB DEFAULT CHARSET=latin1;

--
-- Dumping data for table `user_log`
--

INSERT INTO `user_log` (`user_log_id`, `username`, `login_date`, `logout_date`, `user_id`) VALUES
(1, 'noel.titus', '2016-10-24 09:10:07', '2016-10-24 09:23:20', 3),
(2, 'noel.titus', '2016-10-24 09:11:10', '2016-10-24 09:23:20', 3),
(3, 'noel.titus', '2016-10-24 09:23:04', '2016-10-24 09:23:20', 3),
(4, 'abdul.hemedy', '2016-10-24 09:23:30', '2016-10-24 09:36:55', 4);

--
-- Indexes for dumped tables
--

--
-- Indexes for table `activity_log`
--
ALTER TABLE `activity_log`
  ADD PRIMARY KEY (`activity_log_id`);

--
-- Indexes for table `aprjun`
--
ALTER TABLE `aprjun`
  ADD PRIMARY KEY (`aprjun_id`);

--
-- Indexes for table `class`
--
ALTER TABLE `class`
  ADD PRIMARY KEY (`class_id`);

--
-- Indexes for table `janmar`
--
ALTER TABLE `janmar`
  ADD PRIMARY KEY (`janmar_id`);

--
-- Indexes for table `julsep`
--
ALTER TABLE `julsep`
  ADD PRIMARY KEY (`julsep_id`);

--
-- Indexes for table `octdec`
--
ALTER TABLE `octdec`
  ADD PRIMARY KEY (`octdec_id`);

--
-- Indexes for table `payment_made`
--
ALTER TABLE `payment_made`
  ADD PRIMARY KEY (`pay_id`);

--
-- Indexes for table `students`
--
ALTER TABLE `students`
  ADD PRIMARY KEY (`student_id`);

--
-- Indexes for table `users`
--
ALTER TABLE `users`
  ADD PRIMARY KEY (`user_id`);

--
-- Indexes for table `user_log`
--
ALTER TABLE `user_log`
  ADD PRIMARY KEY (`user_log_id`);

--
-- AUTO_INCREMENT for dumped tables
--

--
-- AUTO_INCREMENT for table `activity_log`
--
ALTER TABLE `activity_log`
  MODIFY `activity_log_id` int(11) NOT NULL AUTO_INCREMENT, AUTO_INCREMENT=7;
--
-- AUTO_INCREMENT for table `aprjun`
--
ALTER TABLE `aprjun`
  MODIFY `aprjun_id` int(11) NOT NULL AUTO_INCREMENT, AUTO_INCREMENT=3;
--
-- AUTO_INCREMENT for table `class`
--
ALTER TABLE `class`
  MODIFY `class_id` int(11) NOT NULL AUTO_INCREMENT, AUTO_INCREMENT=2;
--
-- AUTO_INCREMENT for table `janmar`
--
ALTER TABLE `janmar`
  MODIFY `janmar_id` int(11) NOT NULL AUTO_INCREMENT, AUTO_INCREMENT=3;
--
-- AUTO_INCREMENT for table `julsep`
--
ALTER TABLE `julsep`
  MODIFY `julsep_id` int(11) NOT NULL AUTO_INCREMENT, AUTO_INCREMENT=3;
--
-- AUTO_INCREMENT for table `octdec`
--
ALTER TABLE `octdec`
  MODIFY `octdec_id` int(11) NOT NULL AUTO_INCREMENT, AUTO_INCREMENT=3;
--
-- AUTO_INCREMENT for table `payment_made`
--
ALTER TABLE `payment_made`
  MODIFY `pay_id` int(11) NOT NULL AUTO_INCREMENT, AUTO_INCREMENT=3;
--
-- AUTO_INCREMENT for table `students`
--
ALTER TABLE `students`
  MODIFY `student_id` int(11) NOT NULL AUTO_INCREMENT, AUTO_INCREMENT=3;
--
-- AUTO_INCREMENT for table `users`
--
ALTER TABLE `users`
  MODIFY `user_id` int(11) NOT NULL AUTO_INCREMENT, AUTO_INCREMENT=5;
--
-- AUTO_INCREMENT for table `user_log`
--
ALTER TABLE `user_log`
  MODIFY `user_log_id` int(11) NOT NULL AUTO_INCREMENT, AUTO_INCREMENT=5;
/*!40101 SET CHARACTER_SET_CLIENT=@OLD_CHARACTER_SET_CLIENT */;
/*!40101 SET CHARACTER_SET_RESULTS=@OLD_CHARACTER_SET_RESULTS */;
/*!40101 SET COLLATION_CONNECTION=@OLD_COLLATION_CONNECTION */;
